{
    "df_sdg01": {
        "poverty": 0.5990341043716607,
        "social": 0.18805810115815846,
        "child": 0.16028320824891368,
        "service": 0.14980986600587126,
        "household": 0.1364614886372878,
        "income": 0.13522933072634163,
        "population": 0.12629618587198194,
        "family": 0.11469336554390555,
        "social protection": 0.11375233561152068,
        "programme": 0.10688969877457984,
        "living": 0.10216642678261953,
        "poor": 0.10031818991620028
    },
    "df_sdg02": {
        "food": 0.6652925779867462,
        "agricultural": 0.2521156880816349,
        "agriculture": 0.24433716412993295,
        "production": 0.1733009380415957,
        "nutrition": 0.162285929432853,
        "security": 0.15511291880158665,
        "sustainable": 0.1532826778717744,
        "child": 0.14584732409441223
    },
    "df_sdg03": {
        "health": 0.7354832640030018,
        "service": 0.18925098222615794,
        "disease": 0.16082334717028865,
        "mortality": 0.16010073093941876,
        "care": 0.15747891951665696,
        "rate": 0.14119301094245051,
        "birth": 0.12537056318939446,
        "population": 0.12243513410251632,
        "death": 0.11328809187656845,
        "child": 0.11036611256984546,
        "healthcare": 0.10792438020952863
    },
    "df_sdg04": {
        "education": 0.703882432595189,
        "school": 0.38872000845473104,
        "student": 0.1767744265322494,
        "child": 0.16785040203025017,
        "learning": 0.14934617475404588,
        "secondary": 0.12585499260907734,
        "quality": 0.12539566781853326,
        "training": 0.11325636978272548,
        "teacher": 0.11022644821103028,
        "primary": 0.10990986059447577
    },
    "df_sdg05": {
        "woman": 0.6551348998927478,
        "gender": 0.18762603845143744,
        "violence": 0.26665408749994135,
        "equality": 0.10514560002542273,
        "gender equality": 0.1683925738547567,
        "girl": 0.12194495395737831,
        "men": 0.1206680434447356,
        "womens": 0.11611904974344596,
        "sexual": 0.11106675541546628
    },
    "df_sdg06": {
        "water": 0.8897679870376499,
        "sanitation": 0.16726227607166055,
        "management": 0.13279999590356567,
        "resource": 0.103867709529886
    },
    "df_sdg07": {
        "energy": 0.4268817990264845,
        "electricity": 0.17827681560172934,
        "renewable energy": 0.16668085589774398,
        "power": 0.11206477087973651
    },
    "df_sdg08": {
        "employment": 0.3012638610368859,
        "growth": 0.1392753364626733,
        "economic": 0.13753560290519368,
        "work": 0.2050952560539852,
        "labour": 0.1843151052285343,
        "rate": 0.18141554929940162,
        "business": 0.16556464355347628,
        "economy": 0.1524199900080748,
        "job": 0.14343136662776346,
        "sustainable": 0.13318626901149463,
        "tourism": 0.13144653545401502,
        "unemployment": 0.12448760122409659,
        "market": 0.12361773444535679,
        "service": 0.12303782325953025,
        "economic growth": 0.12274786766661698,
        "youth": 0.1164654964868295,
        "gdp": 0.11617554089391623,
        "worker": 0.1050605764989076,
        "social": 0.10080789446951299
    },
    "df_sdg09": {
        "infrastructure": 0.36637781972517586,
        "innovation": 0.27428749380817496,
        "industry": 0.23135923418840376,
        "sustainable": 0.1948064586705788,
        "transport": 0.18743923259721873,
        "technology": 0.18262220016463715,
        "research": 0.16009548967109385,
        "industrial": 0.15740361860582766,
        "service": 0.1432358761570583,
        "road": 0.1389855534224275,
        "project": 0.13841884372447671,
        "business": 0.13487690811228437,
        "investment": 0.1343101984143336,
        "economic": 0.12623458521853506,
        "country": 0.10625806836577026,
        "digital": 0.1052663263943564,
        "goal": 0.10271613275357791,
        "increase": 0.10257445532909022,
        "growth": 0.10172439078216405
    },
    "df_sdg10": {
        "social": 0.3305063753887466,
        "inequality": 0.2930724490378431,
        "income": 0.2644370951198442,
        "service": 0.16029399232309977,
        "disability": 0.15169876245220343,
        "right": 0.13549801546673204,
        "economic": 0.13453817120132425,
        "country": 0.12781926134346977,
        "population": 0.12637949494535808,
        "child": 0.10878235007954874,
        "city": 0.10766253176990633,
        "among": 0.10478299897368297,
        "poverty": 0.10446305088521371,
        "group": 0.10398312875250983,
        "education": 0.10318325853133667,
        "person": 0.10286331044286741,
        "opportunity": 0.10270333639863277,
        "goal": 0.10222341426592889,
        "area": 0.10174349213322499
    },
    "df_sdg11": {
        "city": 0.42473185603251284,
        "urban": 0.2957792967699877,
        "housing": 0.2798480948098156,
        "sustainable": 0.2281468356183137,
        "area": 0.2070054292434941,
        "transport": 0.15139651674100657,
        "plan": 0.14588572361012944,
        "waste": 0.1312570727536192,
        "local": 0.13065589532115987,
        "community": 0.12955373669498446,
        "management": 0.11873254291071661,
        "service": 0.11873254291071661,
        "planning": 0.11392312345104201,
        "project": 0.11121782500497505,
        "population": 0.10951448894634029
    },
    "df_sdg12": {
        "waste": 0.5950149360220541,
        "sustainable": 0.3248846284852966,
        "consumption": 0.23317788403946774,
        "production": 0.21240900367967708,
        "management": 0.18058136884259532,
        "food": 0.16588131715936688,
        "resource": 0.1455170253780137,
        "environmental": 0.14470784822113875,
        "material": 0.1134196648219736,
        "economy": 0.11153158478926536,
        "use": 0.10249577320416164
    },
    "df_sdg13": {
        "climate": 0.29578725173361203,
        "change": 0.1820918921252678,
        "climate change": 0.34240960723203934,
        "emission": 0.2185427627377862,
        "action": 0.15831107526389052,
        "energy": 0.14891829302061763,
        "disaster": 0.12757106064954285,
        "plan": 0.12056916843183031,
        "adaptation": 0.11057866368216733
    },
    "df_sdg14": {
        "marine": 0.5971078394265734,
        "sea": 0.2686803300319271,
        "area": 0.25258749776438977,
        "sustainable": 0.21043127410703663,
        "resource": 0.19836164990638366,
        "water": 0.19783688363679006,
        "coastal": 0.18804124660437604,
        "management": 0.1712487259773806,
        "environment": 0.1082767736261477,
        "use": 0.10792692944641862,
        "pollution": 0.10355540107738653,
        "plan": 0.10320403302007615,
        "protection": 0.10127989003156626
    },
    "df_sdg15": {
        "forest": 0.4199927655683863,
        "area": 0.37258662668482834,
        "biodiversity": 0.3065190600151105,
        "land": 0.26047751446019807,
        "specie": 0.2511207853592642,
        "ecosystem": 0.18168082415374365,
        "sustainable": 0.17373709277325558,
        "management": 0.17194334697766148,
        "conservation": 0.1606683734053558,
        "natural": 0.13389031117112984,
        "protected": 0.1268434526884388,
        "resource": 0.1223590881994536,
        "use": 0.1160809779148743,
        "plan": 0.11313410982211258,
        "protection": 0.112877860422742,
        "environmental": 0.10083413865232459
    },
    "df_sdg16": {
        "right": 0.11681501731382947,
        "violence": 0.22925907375839796,
        "child": 0.2173631603700318,
        "justice": 0.20911184734080068,
        "service": 0.2040431836228444,
        "law": 0.19308072488400874,
        "crime": 0.16372962568002938,
        "institution": 0.16113635587084246,
        "state": 0.13249251206936863,
        "legal": 0.12789535195308271,